,Feature,importance
1634,Class,0.6222765667322525
333,C1SP2,0.008455031409155078
322,SpMin2_Bhe,0.007021429057490398
1321,LOBMAX,0.005240169017329623
585,SaaCH,0.00514793570828147
1059,R_TpiPCTPC,0.004786301314870824
903,gmin,0.004204286622105148
1204,TDB2u,0.004084036778685628
1555,Du,0.0036153607792665144
1322,LOBMIN,0.0033850291730841645
1253,TDB1i,0.003260767292833562
1149,JGI3,0.002850794371373479
1052,piPC5,0.0027358710042872407
1234,TDB2e,0.002710718850163777
1562,E2m,0.0022162231517234244
330,SpMin2_Bhs,0.002131585132096655
1332,geomShape,0.002122725984768607
1203,TDB1u,0.0020905671005667643
1374,RDF65m,0.0020865227527244266
141,AATSC4m,0.0020414066685869917
988,BIC1,0.0017706620489996074
320,SpMin1_Bhv,0.0017348474861956806
1395,RDF20v,0.0016067453627722622
232,GATS4v,0.0015891033755174749
902,hmin,0.001541297569898866
1255,TDB3i,0.001460625062989953
94,ATSC7v,0.0014543892021822633
417,VE3_Dt,0.0013962699207602336
60,AATS8i,0.0013604416292666256
823,maxaaCH,0.0013319257948205916
1620,Di,0.0012457417323876855
1252,TDB10p,0.0012209724584772898
86,ATSC7m,0.0012200098496314958
1615,E3i,0.001201105851801714
1286,PNSA-1,0.0011788659255138451
1563,E3m,0.001151959504531996
566,SHaaCH,0.0011297187737007058
1264,TDB2s,0.0011102085424065133
1575,E2v,0.0011044928701808548
306,SpMax3_Bhm,0.0010925410651993332
349,VCH-7,0.001091657961815351
298,BCUTp-1h,0.0010910120832067138
408,CrippenLogP,0.0010752327085935599
1568,Dm,0.0010674409648348182
1208,TDB6u,0.0010556059402776117
571,SHother,0.001033682641355682
1589,E3e,0.0010260587054853171
58,AATS6i,0.0010242654984998789
220,GATS8c,0.0010188741359082956
1233,TDB1e,0.001011007657687002
210,MATS6s,0.0009992610764320323
1150,JGI4,0.0009923777036724263
1561,E1m,0.0009834651638058142
1384,RDF115m,0.0009800584739928803
1576,E3v,0.0009730167882338618
1455,RDF20p,0.0009617940371972035
231,GATS3v,0.0009505052674509962
1633,Ds,0.000948122271951746
1205,TDB3u,0.0009433617358386546
1254,TDB2i,0.0009418660075802189
1292,FPSA-1,0.00092890207503425
193,MATS4m,0.0009166314471223453
42,AATS8e,0.0009161620711736835
1285,PPSA-3,0.0009085294521931427
1307,RNCS,0.0008999940245177705
309,SpMin1_Bhm,0.0008950881704951738
1257,TDB5i,0.0008839888604223959
175,AATSC7i,0.0008832796669481057
172,AATSC4i,0.0008796715397574477
939,ETA_BetaP_ns_d,0.0008720298710066248
242,GATS6e,0.000871024283164174
1198,WTPT-5,0.0008629815759446327
317,SpMax2_Bhv,0.0008607246268922404
376,ASP-4,0.000854494108576814
115,ATSC2i,0.0008541071808732824
240,GATS4e,0.0008490637952660268
161,AATSC0p,0.0008423257884498744
989,BIC2,0.0008225993523387694
101,ATSC5e,0.0008214944664054866
226,GATS6m,0.0008151637385811958
34,AATS7v,0.0008138024354016145
324,SpMax2_Bhs,0.0008087678563566791
83,ATSC4m,0.0008064284499940153
216,GATS4c,0.0008047076035501943
149,AATSC3v,0.0007952418600476415
1058,TpiPC,0.000792062324270645
928,ETA_Shape_Y,0.0007886659075868705
716,minssNH,0.0007762361771193279
1195,WTPT-2,0.0007655991132005063
1260,TDB8i,0.0007630927302914923
127,ATSC5s,0.0007547513171158708
244,GATS8e,0.0007528868280904744
1294,FPSA-3,0.0007446388592360329
1516,RDF25s,0.0007415897393435071
212,MATS8s,0.0007351468261297904
1210,TDB8u,0.0007316287052239593
72,ATSC2c,0.0007308524648656097
150,AATSC4v,0.0007303873593311984
223,GATS3m,0.0007283586876406423
1377,RDF80m,0.0007210018309987441
151,AATSC5v,0.0007160032050457798
415,VE1_Dt,0.0007159546082451922
190,MATS8c,0.0007118671008092192
1258,TDB6i,0.0007102689000565577
1306,RPCS,0.0006958679209786048
225,GATS5m,0.0006953523846424703
200,MATS6e,0.0006950470109078101
318,SpMax3_Bhv,0.0006928759078686399
153,AATSC7v,0.000687312008538239
964,IC1,0.0006872931659331846
1055,piPC8,0.0006770224631548026
321,SpMin2_Bhv,0.0006748110544577091
1288,PNSA-3,0.0006747369216603727
721,minaaN,0.0006699969395803423
257,GATS5i,0.0006667568266621777
1628,E3s,0.0006548849503560944
955,fragC,0.000654734326600221
900,hmax,0.0006541520210983767
1417,RDF130v,0.00064977807174269
296,BCUTc-1h,0.0006495253236865529
1211,TDB9u,0.0006490711312258124
183,MATS1c,0.0006489401349721571
99,ATSC3e,0.0006441401108374012
228,GATS8m,0.0006370073448842739
1527,RDF80s,0.0006363484241258932
1614,E2i,0.0006324825746957486
316,SpMax1_Bhv,0.0006312693143175758
660,minHBd,0.0006297703482443047
261,GATS1s,0.000627628482464629
348,VCH-6,0.0006226734397887479
304,SpMax1_Bhm,0.0006099727006220739
258,GATS6i,0.0006096420070331706
290,VR1_Dzs,0.0006064751861889123
241,GATS5e,0.0006039863190879273
260,GATS8i,0.0006031464982506705
250,GATS6p,0.0006025528313637162
246,GATS2p,0.0006004421646540137
128,ATSC6s,0.0005930662435786741
908,MAXDN2,0.0005908583193901545
1429,RDF40e,0.0005871703731821964
1372,RDF55m,0.0005848503561621639
1602,E3p,0.0005788958389775941
1143,GGI7,0.0005764242997824527
344,SCH-7,0.0005752484685886733
158,AATSC6e,0.0005742263372391552
1152,JGI6,0.0005739423813869761
1519,RDF40s,0.000571470329051319
147,AATSC1v,0.0005699557758242018
1549,E2u,0.0005693811940822409
89,ATSC2v,0.0005594265753351951
416,VE2_Dt,0.0005592580358948511
1548,E1u,0.0005543760610565376
1247,TDB5p,0.0005504057953614989
1370,RDF45m,0.0005491050943630981
305,SpMax2_Bhm,0.0005490580229146214
1228,TDB6v,0.0005428724356569875
1291,DPSA-3,0.0005409127253403031
211,MATS7s,0.0005348136167012344
217,GATS5c,0.0005347399729639316
1467,RDF80p,0.0005335838130897659
1400,RDF45v,0.0005322359193796932
413,SpMAD_Dt,0.0005308908707212035
1036,MLFER_E,0.0005260101841967997
710,minaaaC,0.0005212312163999343
219,GATS7c,0.0005206039743794518
949,ETA_EtaP_F_L,0.0005183526941231569
1222,TDB10m,0.0005176713848489133
787,maxHBint6,0.0005153012850044029
966,IC3,0.0005152970381150396
1407,RDF80v,0.0005149647013784811
701,minssCH2,0.000513255180515871
919,ETA_Epsilon_5,0.0005115773654262663
1369,RDF40m,0.0005106425816421595
1272,TDB10s,0.0005073446220115313
977,SIC2,0.0005066717284536757
1282,TDB10r,0.0005020876932991399
227,GATS7m,0.0005016163237149338
207,MATS3s,0.0004990894843578781
1304,RPCG,0.0004969910569140909
251,GATS7p,0.0004921117619516274
263,GATS3s,0.0004917381856977041
145,AATSC8m,0.0004895129865245701
57,AATS5i,0.00048892233368868
1588,E2e,0.000486691659481711
164,AATSC4p,0.00048545450824910574
206,MATS2s,0.00048389815595126803
204,MATS4i,0.0004838424749092604
144,AATSC7m,0.0004834374013927977
1557,L2m,0.0004818298079805035
1297,FNSA-3,0.00048179895600211425
1301,WNSA-1,0.00048089096770310774
384,VP-4,0.0004790507113319056
5,naAromAtom,0.0004788374604600761
253,GATS1i,0.0004783987041136223
1368,RDF35m,0.0004765611316794314
1351,RDF100u,0.0004759832286260512
255,GATS3i,0.0004757504628218728
363,VPC-6,0.00047490654412546136
295,BCUTc-1l,0.0004720897390853858
230,GATS2v,0.0004712422552139947
237,GATS1e,0.0004709651158370302
157,AATSC5e,0.0004709116501473905
1457,RDF30p,0.00046856580196756066
722,minsssN,0.0004656158289545474
846,maxdO,0.0004650615066907869
179,AATSC5s,0.0004650195521142583
1167,VR2_D,0.0004647475048391172
129,ATSC7s,0.00046142106056388474
265,GATS5s,0.0004609366863444189
186,MATS4c,0.00046034792701227944
1095,nHeteroRing,0.00045983791889363837
374,ASP-2,0.0004595775399195861
82,ATSC3m,0.0004594209961472453
264,GATS4s,0.0004589680650296704
125,ATSC3s,0.00045845529193067855
1206,TDB4u,0.0004576556024142945
1295,FNSA-1,0.0004573470374489693
74,ATSC4c,0.00045527936815117784
281,VE1_Dzp,0.0004539191011820989
35,AATS8v,0.00045099133308621804
160,AATSC8e,0.0004488485621833968
209,MATS5s,0.0004479463000732098
102,ATSC6e,0.0004478907634790108
276,VE1_Dzv,0.00044461836588081016
407,Mi,0.000444116860386011
266,GATS6s,0.00044403159108448366
23,AATS3m,0.0004433315844917329
77,ATSC7c,0.0004426032138361724
1156,JGI10,0.00044201223497462795
447,nHaaCH,0.0004397133440350465
1266,TDB4s,0.0004387099469756248
1148,JGI2,0.0004350980610410198
168,AATSC8p,0.00043496831937180465
189,MATS7c,0.00043410810757596024
76,ATSC6c,0.0004338419171756742
75,ATSC5c,0.0004334551040788278
118,ATSC5i,0.0004322187285209491
1626,E1s,0.0004296819421162458
221,GATS1m,0.0004279892176735492
279,VR1_Dzv,0.00042779311269573153
1231,TDB9v,0.0004275102281298652
1326,MOMI-XY,0.0004273231839305228
466,naaCH,0.00042654562707191915
323,SpMax1_Bhs,0.00042628310583408104
39,AATS5e,0.00042524279460057034
1283,PPSA-1,0.00042339246801470346
196,MATS2e,0.00042198892244128415
933,ETA_BetaP_s,0.000420116425026302
1033,MLFER_BH,0.0004199397614189006
106,ATSC2p,0.0004198262802055597
983,CIC2,0.0004169562328662356
52,AATS0i,0.0004164722019005665
1405,RDF70v,0.0004159477442461224
111,ATSC7p,0.0004143756127009272
1365,RDF20m,0.0004142936074561869
236,GATS8v,0.00041239520254314065
597,SssNH,0.00041224876963366733
59,AATS7i,0.0004115604475381629
197,MATS3e,0.00041127202758696495
1458,RDF35p,0.000409336737973146
727,mindO,0.000408865631962669
373,ASP-1,0.00040834730652870984
1221,TDB9m,0.0004056875344549816
1157,JGT,0.0004056576613475081
379,ASP-7,0.00040515331193369134
667,minHBint5,0.00040514748898064863
169,AATSC0i,0.0004018485957631438
288,VE2_Dzs,0.0004008751253555795
171,AATSC3i,0.00040043023717031
215,GATS3c,0.00040012031870177917
167,AATSC7p,0.00039992944975587614
103,ATSC7e,0.0003967197723943689
1613,E1i,0.0003956025132072759
184,MATS2c,0.0003947080011732183
1244,TDB2p,0.00039461774972187914
1034,MLFER_BO,0.00039409679794764137
954,FMF,0.0003935769998340852
1600,E1p,0.00039157901148731433
818,maxsCH3,0.00039114435891344585
1270,TDB8s,0.00038957767003555953
26,AATS6m,0.0003889667923767392
55,AATS3i,0.0003878744422324162
203,MATS3i,0.00038730226524670986
1347,RDF80u,0.00038476168856101285
927,ETA_Shape_P,0.0003840794549058959
1261,TDB9i,0.0003837163969057683
1381,RDF100m,0.00038172161605430426
806,maxHCsats,0.00037939157694990774
100,ATSC4e,0.000378152635507715
117,ATSC4i,0.0003775053527226461
238,GATS2e,0.0003757418998642646
1462,RDF55p,0.00037320314182133144
1596,L2p,0.0003713019683086927
370,SP-6,0.0003705268178391283
1249,TDB7p,0.0003704489915263332
931,ETA_BetaP,0.0003676621127354955
48,AATS5p,0.00036477868821884835
377,ASP-5,0.00036002169963666916
375,ASP-3,0.00035979445038388387
229,GATS1v,0.0003589747390614139
828,maxaasC,0.00035890795160684595
1303,WNSA-3,0.0003580530133161055
191,MATS2m,0.0003577185134306074
590,SaasC,0.0003569622080319887
50,AATS7p,0.00035657606135853766
112,ATSC8p,0.000356297925818173
388,AVP-0,0.00035618832191917845
248,GATS4p,0.0003550346046527436
137,AATSC8c,0.0003545285771812413
121,ATSC8i,0.00035360478514262744
704,minaaCH,0.0003534234215661597
1015,MDEC-13,0.0003528841526926454
1014,MDEC-12,0.000350236006365783
247,GATS3p,0.000349668744516764
378,ASP-6,0.0003494777687335207
268,GATS8s,0.0003494289424767586
174,AATSC6i,0.0003488858035666912
1142,GGI6,0.00034805373163108874
69,AATS8s,0.00034687315090428737
1242,TDB10e,0.00034670198966709755
270,VE1_DzZ,0.0003449016303544828
1296,FNSA-2,0.00034388075235172364
965,IC2,0.0003426609447725959
665,minHBint3,0.00034167355962060866
1345,RDF70u,0.000341064865627853
1550,E3u,0.0003396052994027288
1140,GGI4,0.0003364019781247764
1259,TDB7i,0.0003361091142430777
287,VE1_Dzs,0.0003359666845489541
143,AATSC6m,0.00033579714995335007
267,GATS7s,0.00033567668472353344
430,nHBint6,0.00033504124464394535
1371,RDF50m,0.0003341675895675917
162,AATSC2p,0.0003336215248766341
395,AVP-7,0.0003321312933766705
1587,E1e,0.00033121764775189474
387,VP-7,0.0003307048401570288
152,AATSC6v,0.0003300984158465729
1616,Ti,0.00032976907377572305
995,MIC2,0.00032932911083821735
202,MATS8e,0.000328875702048163
187,MATS5c,0.0003284475785425701
1223,TDB1v,0.0003276173412843921
1268,TDB6s,0.00032722098079946907
1246,TDB4p,0.00032631939990659
1227,TDB5v,0.0003255016595022478
1623,L3s,0.0003244810874908084
1263,TDB1s,0.0003228172444058711
47,AATS4p,0.00032262954731081505
91,ATSC4v,0.0003222571175634785
1517,RDF30s,0.00032186990523979617
1627,E2s,0.0003215345971475849
1155,JGI9,0.000320771461593852
166,AATSC6p,0.0003201372562576585
1243,TDB1p,0.0003188078044955293
1232,TDB10v,0.00031846086733636073
1379,RDF90m,0.0003177639381764784
208,MATS4s,0.00031723274666374735
936,ETA_dBeta,0.00031669668412321494
544,SwHBa,0.00031665781498529347
1367,RDF30m,0.00031599680722869955
85,ATSC6m,0.0003147131668872348
1238,TDB6e,0.0003146674635290753
159,AATSC7e,0.0003144163830435881
358,SPC-4,0.0003135857404041845
110,ATSC6p,0.0003133214128756799
249,GATS5p,0.0003119110723604742
1212,TDB10u,0.0003105477672697143
1488,RDF35i,0.0003099034692835579
992,BIC5,0.0003098929475319282
998,MIC5,0.00030850667805645555
1335,RDF20u,0.00030823874230867054
136,AATSC7c,0.0003080354118031864
198,MATS4e,0.00030778993091097763
591,SaaaC,0.0003077800418589624
87,ATSC8m,0.0003076324427769506
1574,E1v,0.00030658897352154826
1535,RDF120s,0.00030585192502410977
952,ETA_Eta_B_RC,0.00030568650238389626
1256,TDB4i,0.00030515803346154347
905,MAXDN,0.00030442273277089663
78,ATSC8c,0.00030219640876389975
1241,TDB9e,0.0003014332285041854
699,minsCH3,0.00030109391545414646
662,minHBa,0.00030088743784190944
252,GATS8p,0.0003006411351319234
107,ATSC3p,0.00030030661234322015
1594,De,0.00029914729691688224
986,CIC5,0.00029907934323631144
419,VR2_Dt,0.00029862028415574514
1293,FPSA-2,0.00029853011893697326
1237,TDB5e,0.000298345257968697
239,GATS3e,0.0002982805324589748
1278,TDB6r,0.00029782991914166366
297,BCUTp-1l,0.00029737111767649306
192,MATS3m,0.0002972880200343649
133,AATSC4c,0.00029685911796099136
782,maxwHBa,0.00029466972347646483
402,Mv,0.0002940389417625528
343,SCH-6,0.0002935193578555724
1056,piPC9,0.00029324513711384776
142,AATSC5m,0.0002929681183714699
194,MATS5m,0.0002923129266479843
1513,RDF10s,0.00029145133530935783
256,GATS4i,0.00028781884012913126
71,ATSC1c,0.0002860428088713467
923,ETA_dEpsilon_D,0.0002858181731778214
199,MATS5e,0.00028506927827533153
356,VC-5,0.0002841819567795407
1378,RDF85m,0.00028347115706710545
123,ATSC1s,0.00028336554914278793
269,SM1_DzZ,0.00028313635107938363
1490,RDF45i,0.0002816529472372985
234,GATS6v,0.00028023589301584133
28,AATS8m,0.0002797625767763905
138,AATSC0m,0.0002786395943431762
97,ATSC1e,0.0002784000348714297
275,SM1_Dzv,0.00027810630242202825
1057,piPC10,0.0002780326774026599
1522,RDF55s,0.00027802955125672614
163,AATSC3p,0.0002770064138533626
53,AATS1i,0.0002764472468770569
354,VC-3,0.000276305954846911
254,GATS2i,0.0002757218530872844
185,MATS3c,0.00027537785581307843
1020,MDEC-33,0.00027531169851631085
329,SpMin1_Bhs,0.0002746174286402639
146,AATSC0v,0.00027434325541779713
173,AATSC5i,0.00027293890503255006
67,AATS6s,0.00027251245011460963
1518,RDF35s,0.00027207847085277103
1558,L3m,0.0002719496380876105
709,minaasC,0.0002718896091066457
1289,DPSA-1,0.0002712608356514304
835,maxssNH,0.000270941919336837
982,CIC1,0.00027085844428998416
1281,TDB9r,0.000270326158662468
201,MATS7e,0.00026957825162288076
976,SIC1,0.00026812246649301325
1571,L3v,0.00026697510715650564
51,AATS8p,0.000266959865651831
88,ATSC1v,0.000266695730211615
809,maxHother,0.0002662458442749332
663,minwHBa,0.0002662239789086591
967,IC4,0.0002659989425901893
1459,RDF40p,0.0002642731570005848
29,AATS0v,0.00026398348586539883
393,AVP-5,0.00026388361259224643
243,GATS7e,0.00026347466881191577
2,ALogp2,0.0002633628763872313
670,minHBint8,0.00026326558641370866
1190,SRW10,0.0002628873888832676
1607,Dp,0.000262168852014429
135,AATSC6c,0.0002621173185586802
673,minHsOH,0.00026136505193797167
1327,MOMI-XZ,0.00026128432049723967
1612,P2i,0.0002611304670196411
1274,TDB2r,0.00026079173792951097
1396,RDF25v,0.0002596680882315003
20,ATS3s,0.000257840587586587
119,ATSC6i,0.00025765190206799893
130,ATSC8s,0.00025668063724760214
1376,RDF75m,0.0002556766624522684
233,GATS5v,0.00025472953462996284
603,SsssN,0.00025462508105275237
1046,MPC10,0.0002537388598340919
1399,RDF40v,0.0002527889978147925
1398,RDF35v,0.0002501087875800424
1275,TDB3r,0.00025007149754168286
282,VE2_Dzp,0.0002494753127259075
245,GATS1p,0.00024868827984810904
214,GATS2c,0.0002483891951580486
914,ETA_dAlpha_B,0.0002469728679206358
1601,E2p,0.0002462305791798027
1308,THSA,0.0002462052124818442
1280,TDB8r,0.0002459253976233276
180,AATSC6s,0.00024569247647914075
1189,SRW9,0.00024558812484553157
1043,MPC7,0.0002451363114273071
786,maxHBint5,0.00024465963803407874
1560,P2m,0.00024429229660093317
1239,TDB7e,0.00024405615262238872
38,AATS4e,0.00024325132848853847
570,SHAvin,0.00024303990688934543
1524,RDF65s,0.00024286337608222586
116,ATSC3i,0.0002417049270778523
293,BCUTw-1l,0.00024163322815511359
1130,RotBFrac,0.0002411554734917642
1217,TDB5m,0.00024104277721093159
41,AATS7e,0.00024093686190015723
56,AATS4i,0.00024049693023455305
155,AATSC3e,0.00024034006992368562
310,SpMin2_Bhm,0.0002386560707660726
1532,RDF105s,0.00023641125196711312
181,AATSC7s,0.00023601780630363057
1300,WPSA-3,0.00023591187982510524
176,AATSC8i,0.000235845271207565
1534,RDF115s,0.00023526905830284706
841,maxsssN,0.00023502656460727467
235,GATS7v,0.00023450327426506885
95,ATSC8v,0.0002344963248542281
46,AATS3p,0.00023279072555227408
126,ATSC4s,0.00023255219349853612
1219,TDB7m,0.00023236482556905744
1197,WTPT-4,0.00023227475809428364
1564,Tm,0.00023107695353131837
1225,TDB3v,0.00023029962819793253
326,SpMax4_Bhs,0.0002291854513408605
1556,L1m,0.00022878916831768623
114,ATSC1i,0.00022755220831086647
1049,piPC2,0.00022717088369869024
840,maxaaN,0.00022667318066896751
677,minHssNH,0.00022652804081180905
993,MIC0,0.0002257028205800171
1229,TDB7v,0.00022530080433292538
1339,RDF40u,0.00022502599740173128
93,ATSC6v,0.00022447900653705045
1018,MDEC-23,0.0002242843767023923
284,VR1_Dzp,0.00022374086252862708
16,ATS0m,0.0002236786862160705
359,SPC-5,0.0002228086677742521
327,SpMax5_Bhs,0.00022278485598822752
1251,TDB9p,0.00022265243890404925
921,ETA_dEpsilon_B,0.0002222338139661851
90,ATSC3v,0.00022208449924653856
369,SP-5,0.00022202148299772545
182,AATSC8s,0.0002218297843102202
1213,TDB1m,0.00022141908974581025
1201,XLogP,0.00022070169790227887
104,ATSC8e,0.00022034992872810004
912,ETA_AlphaP,0.00021971216864589459
120,ATSC7i,0.00021892277870240044
1009,nAtomP,0.00021881700073839456
1397,RDF30v,0.00021837001456702587
427,nHBint3,0.00021690528723106387
1271,TDB9s,0.0002168932297493183
286,SM1_Dzs,0.00021677049388529982
24,AATS4m,0.00021673523630462812
84,ATSC5m,0.00021585051938798815
1393,RDF10v,0.00021582639709193395
1277,TDB5r,0.00021543075799566744
1406,RDF75v,0.0002145891279243476
132,AATSC1c,0.00021457580963571367
1451,RDF150e,0.00021408710887293198
31,AATS4v,0.00021286300677971184
1610,L3i,0.0002118753563098191
1164,VE2_D,0.00021166680820733355
1041,MPC5,0.00021116399350544927
25,AATS5m,0.00021076045730713185
113,ATSC0i,0.00021010408595381537
218,GATS6c,0.00020920157908483722
1207,TDB5u,0.00020738078631199299
105,ATSC1p,0.0002064518282104792
109,ATSC5p,0.00020526708931506307
420,VR3_Dt,0.00020437868913272236
49,AATS6p,0.00020324983527557656
1302,WNSA-2,0.00020266419360558607
1573,P2v,0.00020245276663018573
224,GATS4m,0.00020210706772952173
796,maxHssNH,0.00020172086864189795
1485,RDF20i,0.00020062870722933863
22,AATS1m,0.00020018320309218976
140,AATSC3m,0.0002001485435206919
98,ATSC2e,0.00020003457410050027
1456,RDF25p,0.00019994943831542057
262,GATS2s,0.00019962576129706447
996,MIC3,0.00019870760280855604
213,GATS1c,0.00019867804743803168
726,minsOH,0.0001983262200552346
431,nHBint7,0.00019831640534510582
1025,MDEO-22,0.00019825574894107777
312,SpMin4_Bhm,0.00019682817270130903
1153,JGI7,0.0001967920400746587
1267,TDB5s,0.00019644481837395188
924,ETA_Psi_1,0.0001964447774653593
271,VE2_DzZ,0.00019521399490964714
43,AATS0p,0.00019516797104224032
1309,TPSA,0.00019463803639232678
372,ASP-0,0.0001946160671737507
1382,RDF105m,0.0001945099716159879
1032,MLFER_A,0.00019342679902823834
1567,Km,0.00019337072843543648
994,MIC1,0.0001920625934256343
1434,RDF65e,0.00019188290259831972
1154,JGI8,0.0001908312661736883
1448,RDF135e,0.0001906870874831093
1500,RDF95i,0.00018954286379950462
1483,RDF10i,0.00018937760617903594
347,VCH-5,0.0001888706655742715
1305,RNCG,0.00018885605146369997
391,AVP-3,0.0001876086125852321
139,AATSC1m,0.00018691932213701418
33,AATS6v,0.00018661072607047268
1287,PNSA-2,0.00018503021828688424
906,MAXDP,0.00018502036396450539
1147,JGI1,0.00018479349714297947
170,AATSC1i,0.00018473028737640433
687,minHCsats,0.0001842938191130931
1430,RDF45e,0.00018425258330812287
188,MATS6c,0.00018424582972801623
134,AATSC5c,0.00018414005035309597
1404,RDF65v,0.00018207261633501322
1581,Dv,0.00018191984207101657
1236,TDB4e,0.00018117397851800842
27,AATS7m,0.00018051042785775199
1580,Kv,0.0001803953058327123
1526,RDF75s,0.00017974646954457596
44,AATS1p,0.00017936807754049186
1529,RDF90s,0.00017787391791290665
1577,Tv,0.00017740120431749057
362,VPC-5,0.0001773022089315351
394,AVP-6,0.00017713706511573456
1273,TDB1r,0.00017695462152279693
1004,ZMIC5,0.00017694063295338444
1035,MLFER_S,0.0001766187175352563
177,AATSC0s,0.0001763179866906032
19,ATS2s,0.0001756908083619806
1220,TDB8m,0.00017514350916647602
941,ETA_EtaP,0.0001741203364369995
337,C2SP3,0.00017361772915922463
1276,TDB4r,0.00017338399405666377
1165,VE3_D,0.00017330131097125748
1349,RDF90u,0.0001728677761327371
1551,Tu,0.00017152250892962117
909,MAXDP2,0.00017091396361337293
1196,WTPT-3,0.00017052034022513603
962,HybRatio,0.00017051649171053566
1466,RDF75p,0.0001694199658200463
1593,Ke,0.00016813264326838315
1230,TDB8v,0.00016662371984655627
845,maxsOH,0.00016653049059970403
1218,TDB6m,0.00016641913647218794
1515,RDF20s,0.00016593063643291676
294,BCUTw-1h,0.0001658718732015005
1141,GGI5,0.000165663007694263
944,ETA_EtaP_F,0.0001656422979514476
278,VE3_Dzv,0.00016522990499497964
552,SHBint9,0.00016456384758816003
1163,VE1_D,0.0001641002561195478
62,AATS1s,0.00016225646375924986
122,ATSC0s,0.00016178217023097397
1586,P2e,0.00016144080242327594
68,AATS7s,0.00016134230129553285
951,ETA_EtaP_B,0.00016070917172133456
1087,nT6Ring,0.00016067249789472298
3,AMR,0.00016000645089207506
1050,piPC3,0.00015906014385604607
685,minHaaCH,0.00015690690584805185
925,ETA_dPsi_A,0.00015682739230491962
79,ATSC0m,0.00015655454507882706
1383,RDF110m,0.00015642157589010233
283,VE3_Dzp,0.00015631360226189917
1060,PetitjeanNumber,0.00015605469545465053
981,CIC0,0.000155198817974389
1248,TDB6p,0.00015514989978770478
1224,TDB2v,0.00015476324053563322
934,ETA_Beta_ns,0.00015463212261409548
803,maxHdsCH,0.0001546103012045971
1525,RDF70s,0.00015453044179281926
990,BIC3,0.0001542821381999543
1158,SpMax_D,0.0001541421982354951
1240,TDB8e,0.00015339729949902947
1608,L1i,0.00015287522122191184
1216,TDB4m,0.00015137742275511462
1463,RDF60p,0.00014986379713369515
541,SHBd,0.00014913711521769203
81,ATSC2m,0.0001484005700825389
548,SHBint5,0.00014815490904212375
904,LipoaffinityIndex,0.00014793856224498589
1340,RDF45u,0.0001476231672670613
984,CIC3,0.0001471146151915524
1151,JGI5,0.00014709377799443046
1625,P2s,0.00014658777502956887
361,VPC-4,0.00014546253952552282
21,AATS0m,0.00014416970022270172
1544,L2u,0.000144137297544507
608,SdO,0.00014389809145995639
350,SC-3,0.00014375348106183502
1597,L3p,0.00014365836721937393
352,SC-5,0.00014344357182140863
70,ATSC0c,0.00014291028397162098
1299,WPSA-2,0.00014259597839775517
979,SIC4,0.00014245963938099032
589,SdssC,0.00014190882911952482
40,AATS6e,0.00014143967884193716
1007,Kier3,0.00014123853680236468
907,DELS,0.00014075660475639724
1132,RotBtFrac,0.0001398672357969936
950,ETA_Eta_B,0.00013943804866288178
1440,RDF95e,0.0001384198783775042
946,ETA_EtaP_L,0.00013838228929687936
1609,L2i,0.00013833520037447134
918,ETA_Epsilon_4,0.0001381385462095118
1176,MWC6,0.0001371966539513278
935,ETA_BetaP_ns,0.00013662249368461766
156,AATSC4e,0.0001361108366614041
392,AVP-4,0.00013610363708331554
403,Mse,0.00013587207517394066
96,ATSC0e,0.0001357290892471208
314,SpMin6_Bhm,0.00013493203343531668
1342,RDF55u,0.00013436755623339445
607,SsOH,0.0001336181966506259
1470,RDF95p,0.000133189390571877
1245,TDB3p,0.00013299584923900075
1003,ZMIC4,0.00013281722022993485
1491,RDF50i,0.0001320209812965692
1547,P2u,0.0001318270566373162
1017,MDEC-22,0.00013171574439106785
1084,nTRing,0.00013164665636335778
1559,P1m,0.00013153584151255856
32,AATS5v,0.00013149820399757433
1310,RHSA,0.0001314682522143407
1611,P1i,0.00013115444572013688
195,MATS1e,0.00013050231394858117
73,ATSC3c,0.0001299258103305616
307,SpMax4_Bhm,0.00012971480641356538
148,AATSC2v,0.00012935929631982914
124,ATSC2s,0.0001288553443365176
688,minHCsatu,0.00012869109919294306
64,AATS3s,0.00012805376747137144
1506,RDF125i,0.00012801229928058238
178,AATSC4s,0.00012642844580129135
205,MATS1s,0.00012616494670696663
1044,MPC8,0.0001249848557921036
1,ALogP,0.00012488525857343402
968,IC5,0.00012455289783131732
953,ETA_EtaP_B_RC,0.00012444892310034121
703,mindsCH,0.00012416427149598345
690,minHother,0.00012405099037444696
1000,ZMIC1,0.00012370370945909961
108,ATSC4p,0.00012356229296267232
1375,RDF70m,0.00012354529129188688
289,VE3_Dzs,0.00012350423429891388
311,SpMin3_Bhm,0.00012342709947613754
1053,piPC6,0.00012314948069331243
1144,GGI8,0.00012301552351703468
1209,TDB7u,0.00012272554027599524
1319,GRAV-5,0.00012245707994631676
922,ETA_dEpsilon_C,0.00012228288517802014
165,AATSC5p,0.00012193680023257358
1431,RDF50e,0.00012175370314110907
1497,RDF80i,0.00012155880008912636
66,AATS5s,0.00012149071141824409
154,AATSC8v,0.00012105219103879915
666,minHBint4,0.00012035167900044598
1583,L2e,0.00012003755374839875
1482,RDF155p,0.00011999034103394545
1425,RDF20e,0.00011978964977288115
1169,TopoPSA,0.000119103542731769
668,minHBint6,0.00011904370427570301
1546,P1u,0.00011871607183435635
37,AATS3e,0.00011867785035479469
1492,RDF55i,0.000118587955402161
1460,RDF45p,0.0001184919986459819
963,IC0,0.00011847023691395007
582,SssCH2,0.00011837523642773068
779,maxHBd,0.0001176518837779943
478,nssNH,0.00011719922521055465
1437,RDF80e,0.0001169519773779926
1168,VR3_D,0.00011636246654117704
847,maxssO,0.00011614291478081932
1284,PPSA-2,0.00011536579440540953
991,BIC4,0.00011523902448408685
549,SHBint6,0.00011509681626415305
36,AATS0e,0.00011485315687600068
371,SP-7,0.00011308235767327812
937,ETA_dBetaP,0.00011305609982501023
452,nHother,0.00011296545692030387
315,SpMin7_Bhm,0.0001128329827173496
1359,RDF140u,0.00011256308256351076
1133,LipinskiFailures,0.00011248543941638792
822,maxdsCH,0.00011202644621578638
708,mindssC,0.00011196649144781229
985,CIC4,0.00011187837514616281
1139,GGI3,0.00011136739714809523
1599,P2p,0.00011078412062038934
1037,MLFER_L,0.00011059330989232205
1403,RDF60v,0.00011032434875482817
978,SIC3,0.00010998545795977234
1530,RDF95s,0.0001096974771802088
1598,P1p,0.00010949705184494976
1262,TDB10i,0.00010933982587908588
1334,RDF15u,0.0001086253386906293
1521,RDF50s,0.00010829671695773398
790,maxHBint9,0.00010811461578957146
609,SssO,0.00010803023016644226
1569,L1v,0.00010772565050594616
1373,RDF60m,0.00010689462391910981
280,SM1_Dze,0.00010587849299139897
342,SCH-5,0.0001046770363631294
807,maxHCsatu,0.00010369538896187721
92,ATSC5v,0.00010366335805937326
917,ETA_Epsilon_3,0.00010357223626488811
1145,GGI9,0.00010329437060461742
1214,TDB2m,0.00010289530765996173
1191,TSRW,0.00010287442015787063
291,VR3_Dzs,0.00010246296958687747
1540,RDF145s,0.00010239549546554511
80,ATSC1m,0.00010227668867716382
554,SHsOH,0.00010226228997580276
1619,Ki,0.00010205153432462541
1024,MDEO-12,0.00010187892143877827
1394,RDF15v,0.00010164326541626277
273,VR1_DzZ,0.00010121386169665771
1202,Zagreb,0.00010116053896467865
1146,GGI10,0.0001006018835396264
1412,RDF105v,0.00010019864487887161
222,GATS2m,0.00010015497350276015
1409,RDF90v,9.999297526762951e-05
1622,L2s,9.998655893155226e-05
1572,P1v,9.958311850620272e-05
785,maxHBint4,9.869229974861784e-05
1290,DPSA-2,9.84086649809917e-05
781,maxHBa,9.80486912647747e-05
1012,McGowan_Volume,9.6871445602188e-05
1514,RDF15s,9.664774476301776e-05
1269,TDB7s,9.645294986437746e-05
63,AATS2s,9.597971426653064e-05
569,SHCsatu,9.581822152995124e-05
61,AATS0s,9.581006839858079e-05
804,maxHaaCH,9.503389809093948e-05
1469,RDF90p,9.496168682636797e-05
319,SpMax4_Bhv,9.484169636545015e-05
1298,WPSA-1,9.473272510574486e-05
1487,RDF30i,9.42990919599201e-05
1054,piPC7,9.405183065318084e-05
1192,MW,9.404963813505378e-05
54,AATS2i,9.397481935266347e-05
1423,RDF10e,9.394288349345537e-05
1528,RDF85s,9.376786066842409e-05
1353,RDF110u,9.353084291895151e-05
1427,RDF30e,9.29940582175642e-05
390,AVP-2,9.281114569263195e-05
1435,RDF70e,9.275958332905103e-05
471,naasC,9.264580690212684e-05
65,AATS4s,9.213368626628422e-05
449,nHCsats,9.196644628181403e-05
1499,RDF90i,9.174419393798212e-05
1472,RDF105p,9.15310433994038e-05
404,Mpe,9.058506835444115e-05
1136,topoShape,9.05841407369017e-05
1481,RDF150p,9.013501983964442e-05
789,maxHBint8,8.975264729424466e-05
1545,L3u,8.913094357085205e-05
1426,RDF25e,8.897607683305345e-05
389,AVP-1,8.881853266964848e-05
997,MIC4,8.865939721476505e-05
1531,RDF100s,8.846360095575725e-05
987,BIC0,8.82347898120864e-05
1137,GGI1,8.789420500710795e-05
1279,TDB7r,8.770559180136653e-05
1235,TDB3e,8.75825441330522e-05
1029,MDEN-22,8.732920065345441e-05
1166,VR1_D,8.64528834481177e-05
1570,L2v,8.602318506746304e-05
728,minssO,8.581982796613592e-05
1045,MPC9,8.58052269989254e-05
418,VR1_Dt,8.560485136395567e-05
1484,RDF15i,8.517024895036764e-05
1051,piPC4,8.511321053432409e-05
689,minHAvin,8.470788834576856e-05
274,VR3_DzZ,8.41763108999866e-05
808,maxHAvin,8.415332800975038e-05
792,maxHsOH,8.41275430228328e-05
1584,L3e,8.404369633481106e-05
961,nHBDon_Lipinski,8.394909166942425e-05
411,SpDiam_Dt,8.378474964662931e-05
1337,RDF30u,8.376289394871186e-05
1543,L1u,8.35780141416798e-05
1465,RDF70p,8.343692644518629e-05
1174,MWC4,8.341285824719307e-05
1215,TDB3m,8.230802619975372e-05
547,SHBint4,8.20897321312404e-05
439,nHssNH,8.202316720940886e-05
969,TIC0,8.18458239219571e-05
1538,RDF135s,8.15924947320307e-05
1385,RDF120m,8.143088463394566e-05
409,CrippenMR,8.139836403255145e-05
1331,geomDiameter,8.106439269269669e-05
543,SHBa,8.09079885804264e-05
1578,Av,8.067675581363862e-05
971,TIC2,8.055806205005114e-05
18,ATS1s,8.037481594842285e-05
1129,nRotB,7.967203888187009e-05
684,minHdsCH,7.957688010336815e-05
916,ETA_Epsilon_2,7.94063075621156e-05
820,maxssCH2,7.909977161451936e-05
1415,RDF120v,7.857168674343068e-05
1441,RDF100e,7.804830811792559e-05
1364,RDF15m,7.779353197963254e-05
1605,Vp,7.76775864084859e-05
1554,Ku,7.736300842546475e-05
131,AATSC0c,7.716939963848449e-05
580,SsCH3,7.689834560349462e-05
421,ECCEN,7.688056070214609e-05
1414,RDF115v,7.679257423965299e-05
272,VE3_DzZ,7.673929062435315e-05
1380,RDF95m,7.620798528369033e-05
1312,GRAV-1,7.616026123886515e-05
1495,RDF70i,7.592620366460717e-05
791,maxHBint10,7.58343978756221e-05
1186,SRW6,7.502753619153049e-05
1442,RDF105e,7.50060898492515e-05
1471,RDF100p,7.478688016293913e-05
1510,RDF145i,7.469738117653586e-05
1386,RDF125m,7.456529454389106e-05
383,VP-3,7.388477947917436e-05
1537,RDF130s,7.352663321804171e-05
980,SIC5,7.332745435983686e-05
303,nBondsM,7.332257353907473e-05
1180,MWC10,7.318036978984791e-05
1591,Ae,7.302543491739306e-05
1343,RDF60u,7.258781300720709e-05
1363,RDF10m,7.208728136606477e-05
1311,RPSA,7.197422618703038e-05
1170,VABC,7.184210903064247e-05
1477,RDF130p,7.105105484845428e-05
1428,RDF35e,7.003918808118292e-05
1356,RDF125u,6.965855761662622e-05
1188,SRW8,6.962235761031593e-05
1449,RDF140e,6.91129266462551e-05
901,gmax,6.906030403327549e-05
428,nHBint4,6.899778242918067e-05
1161,SpMAD_D,6.893480940405267e-05
784,maxHBint3,6.891154679238104e-05
1361,RDF150u,6.880253704804832e-05
1002,ZMIC3,6.827728036477329e-05
1508,RDF135i,6.803949004178862e-05
1453,RDF10p,6.756614156753532e-05
920,ETA_dEpsilon_A,6.755882743164076e-05
1011,MLogP,6.744380540194495e-05
1624,P1s,6.738084857038094e-05
396,Sv,6.688156834631379e-05
1350,RDF95u,6.661696840735625e-05
1503,RDF110i,6.605857813883884e-05
285,SM1_Dzi,6.598372225838311e-05
1388,RDF135m,6.597853576172433e-05
1494,RDF65i,6.591891075433739e-05
406,Mp,6.560662581360011e-05
433,nHBint9,6.541574035980177e-05
382,VP-2,6.520776222570827e-05
1553,Vu,6.48850979907871e-05
1476,RDF125p,6.458494133267671e-05
1416,RDF125v,6.442838770866259e-05
1199,WPATH,6.397320579411422e-05
1360,RDF145u,6.374719382215186e-05
948,ETA_Eta_F_L,6.334731331887432e-05
940,ETA_Eta,6.276224475726663e-05
1330,geomRadius,6.271250051695239e-05
899,meanI,6.270792084636216e-05
463,nssCH2,6.255024306733688e-05
1432,RDF55e,6.222418990943373e-05
1065,n6Ring,6.202952676075974e-05
277,VE2_Dzv,6.151673298415965e-05
1504,RDF115i,6.139535799738987e-05
412,SpAD_Dt,6.127274978601587e-05
1328,MOMI-YZ,6.063749954821217e-05
414,EE_Dt,6.043231253973728e-05
328,SpMax7_Bhs,6.013240949866029e-05
386,VP-6,6.005531920101061e-05
1006,Kier2,5.995812091495645e-05
1418,RDF135v,5.952132725562898e-05
1047,TPC,5.9211084253051096e-05
1444,RDF115e,5.918198244965575e-05
1541,RDF150s,5.8974046972725834e-05
1520,RDF45s,5.896488846487897e-05
1313,GRAV-2,5.8688092120022945e-05
1446,RDF125e,5.8327142543813605e-05
1502,RDF105i,5.816924742943869e-05
1582,L1e,5.814165420207636e-05
956,nHBAcc,5.7974781088704015e-05
671,minHBint9,5.79312917904478e-05
1401,RDF50v,5.7779380517141874e-05
1354,RDF115u,5.774965689297337e-05
1536,RDF125s,5.7664581568125955e-05
400,Sp,5.7634832627296995e-05
1390,RDF145m,5.7616971876883054e-05
1178,MWC8,5.7580181307545835e-05
422,nHBd,5.756782054690026e-05
959,nHBAcc_Lipinski,5.7489072563013e-05
45,AATS2p,5.7454146593440954e-05
30,AATS3v,5.667882625454469e-05
425,nwHBa,5.667862544023537e-05
970,TIC1,5.625407522001117e-05
360,SPC-6,5.6229304365609654e-05
558,SHssNH,5.6100773007115906e-05
1438,RDF85e,5.595542380756143e-05
1184,SRW4,5.594414342799997e-05
1318,GRAV-4,5.591807280235447e-05
325,SpMax3_Bhs,5.543860021368335e-05
259,GATS7i,5.511275329712973e-05
308,SpMax5_Bhm,5.510002832952611e-05
669,minHBint7,5.4480137007592154e-05
381,VP-1,5.4015258202420996e-05
1475,RDF120p,5.3912734187241826e-05
1468,RDF85p,5.388752843253398e-05
364,SP-0,5.369626923887471e-05
1338,RDF35u,5.352618778630771e-05
1629,Ts,5.321069235501582e-05
1362,RDF155u,5.3164997653189005e-05
1496,RDF75i,5.308350292241953e-05
401,Si,5.287783269071353e-05
1436,RDF75e,5.286704005249083e-05
1173,MWC3,5.2821693935924234e-05
1250,TDB8p,5.259765065219649e-05
397,Sse,5.241307196582165e-05
1631,Vs,5.241046111755767e-05
550,SHBint7,5.2219626950341614e-05
1355,RDF120u,5.213612686363512e-05
405,Mare,5.199669077713132e-05
1333,RDF10u,5.196907002922362e-05
1501,RDF100i,5.186604717013559e-05
367,SP-3,5.1439992568607966e-05
1443,RDF110e,5.1323114406084896e-05
1324,MOMI-Y,5.1308925073832705e-05
1424,RDF15e,5.076620792623728e-05
1413,RDF110v,5.0679107004989444e-05
435,nHsOH,5.051060993098817e-05
911,ETA_Alpha,5.0221218183250586e-05
1480,RDF145p,4.974562900551231e-05
1315,GRAVH-1,4.954597992156673e-05
972,TIC3,4.951201447410172e-05
1402,RDF55v,4.917824767071995e-05
8,nO,4.913127269074369e-05
1162,EE_D,4.87269070403259e-05
1073,nFRing,4.871199437497542e-05
1040,MPC4,4.8210028892730454e-05
1585,P1e,4.819876546019051e-05
1389,RDF140m,4.7482225522124755e-05
1632,Ks,4.744567596192765e-05
1552,Au,4.737810174139582e-05
1336,RDF25u,4.736397814006015e-05
461,nsCH3,4.6902605503377356e-05
1175,MWC5,4.687200697946458e-05
1604,Ap,4.683613247904668e-05
483,naaN,4.6668955358590904e-05
1387,RDF130m,4.6632079792937736e-05
1001,ZMIC2,4.60926563920458e-05
426,nHBint2,4.601171318597307e-05
930,ETA_Beta,4.590203105463233e-05
1539,RDF140s,4.585881135756297e-05
1177,MWC7,4.5359214152623366e-05
1316,GRAVH-2,4.528777534491804e-05
898,sumI,4.5175439800155245e-05
1621,L1s,4.4969135636883136e-05
1579,Vv,4.469023638525876e-05
1048,piPC1,4.468484657280505e-05
1008,nAtomLC,4.4522526906931936e-05
1461,RDF50p,4.447509119811036e-05
1486,RDF25i,4.443268562199624e-05
973,TIC4,4.436582597139137e-05
945,ETA_Eta_L,4.4137368054255504e-05
1478,RDF135p,4.365765112380547e-05
1346,RDF75u,4.328719108106313e-05
1187,SRW7,4.3264911053419424e-05
432,nHBint8,4.318555400455346e-05
960,nHBDon,4.202958247585027e-05
1422,RDF155v,4.196412981751495e-05
1135,topoDiameter,4.181154141907625e-05
1603,Tp,4.178142746674897e-05
1464,RDF65p,4.147755703855956e-05
1391,RDF150m,4.1333331913966844e-05
17,ATS0s,4.124547655191645e-05
1411,RDF100v,4.1243798018465414e-05
1450,RDF145e,4.1240642793206756e-05
368,SP-4,4.101346590889683e-05
1194,WTPT-1,4.095796322755886e-05
1420,RDF145v,4.09487427463247e-05
399,Sare,4.0543103235957626e-05
335,C3SP2,4.0525639760223905e-05
910,DELS2,4.050129255243477e-05
1454,RDF15p,4.0361355193506404e-05
385,VP-5,4.031833038951559e-05
1005,Kier1,3.9893337028276644e-05
584,SdsCH,3.9245970617164714e-05
1592,Ve,3.917636689165676e-05
975,SIC0,3.917424407554858e-05
1447,RDF130e,3.905678518724243e-05
1509,RDF140i,3.887667722364208e-05
788,maxHBint7,3.881188958053054e-05
1410,RDF95v,3.8804599954241265e-05
1358,RDF135u,3.87091303069185e-05
915,ETA_Epsilon_1,3.868964349973736e-05
1265,TDB3s,3.8688805353706175e-05
1357,RDF130u,3.7895919555377985e-05
1320,GRAV-6,3.76387123343873e-05
1193,AMW,3.739243914897596e-05
1344,RDF65u,3.681135673809229e-05
1542,RDF155s,3.677497958682369e-05
1134,topoRadius,3.649930483519504e-05
1160,SpAD_D,3.649017898143515e-05
1618,Vi,3.643971083318066e-05
1479,RDF140p,3.608217636333986e-05
1489,RDF40i,3.572607761665288e-05
943,ETA_Eta_F,3.5549491836763484e-05
1366,RDF25m,3.551729583982572e-05
1352,RDF105u,3.517030809166731e-05
1408,RDF85v,3.507083981586797e-05
1630,As,3.505403366585704e-05
1099,n6HeteroRing,3.498404873249975e-05
1314,GRAV-3,3.4731490436308206e-05
1179,MWC9,3.4637442737849705e-05
1473,RDF110p,3.402862697533871e-05
1317,GRAVH-3,3.386465221081875e-05
434,nHBint10,3.3746019277236754e-05
602,SaaN,3.297087855817344e-05
1226,TDB4v,3.293100869901514e-05
1348,RDF85u,3.281028124250329e-05
1606,Kp,3.2661247989844396e-05
490,nssO,3.2286922994805764e-05
568,SHCsats,3.218748968465138e-05
565,SHdsCH,3.182434262382103e-05
999,ZMIC0,3.177055628003994e-05
4,apol,3.1651107441787854e-05
1138,GGI2,3.105542998946895e-05
1439,RDF90e,3.0897484539690074e-05
932,ETA_Beta_s,3.079122069680755e-05
1511,RDF150i,3.077823662792175e-05
1533,RDF110s,3.025626231614469e-05
1039,MPC3,3.0033075522435394e-05
336,C1SP3,2.961756933214705e-05
1200,WPOL,2.942205393236475e-05
7,nN,2.9229971000223627e-05
947,ETA_Eta_R_L,2.8918628163933135e-05
1590,Te,2.8640215499125608e-05
1125,nT10HeteroRing,2.839804800378568e-05
1474,RDF115p,2.8263693147871366e-05
829,maxaaaC,2.780470950333165e-05
938,ETA_Beta_ns_d,2.7732589439599708e-05
1114,nF10HeteroRing,2.768208709073028e-05
334,C2SP2,2.6974122439297694e-05
1617,Ai,2.6535403420310188e-05
1181,TWC,2.6293147134749487e-05
1445,RDF120e,2.6186300524051617e-05
1159,SpDiam_D,2.603583041577822e-05
942,ETA_Eta_R,2.5440441183509715e-05
1325,MOMI-Z,2.4856849157001734e-05
1131,nRotBt,2.4660678178742938e-05
1512,RDF155i,2.4382757803923824e-05
1042,MPC6,2.3964654927637702e-05
1505,RDF120i,2.3678958367829654e-05
365,SP-1,2.3668829004107133e-05
410,SpMax_Dt,2.365346469917818e-05
1452,RDF155e,2.361830390873826e-05
974,TIC5,2.2956390388065643e-05
313,SpMin5_Bhm,2.29482710843028e-05
1013,MDEC-11,2.2813364790854103e-05
1323,MOMI-X,2.259984256695528e-05
1595,L1p,2.2461319596449573e-05
488,nsOH,2.2222615529688812e-05
398,Spe,2.204210512171291e-05
446,nHdsCH,2.155796851451571e-05
424,nHBa,2.123085390414657e-05
672,minHBint10,2.099293309568326e-05
299,nBondsS3,2.0821704305814024e-05
957,nHBAcc2,2.0615104776573453e-05
1419,RDF140v,2.0581945987582622e-05
1493,RDF60i,2.0332072659421924e-05
1172,MWC2,2.0194840912858247e-05
1061,nRing,2.0137976960876402e-05
1080,nF10Ring,1.9627744296669457e-05
1090,nT9Ring,1.9408959394765107e-05
1566,Vm,1.9060590296176916e-05
1498,RDF85i,1.9042803630035075e-05
1392,RDF155m,1.9034917878430944e-05
1171,VAdjMat,1.7782691038175162e-05
1329,MOMI-R,1.7774181404805802e-05
1010,nAtomLAC,1.7679579010135967e-05
1341,RDF50u,1.7371765429063062e-05
380,VP-0,1.6882348097324344e-05
366,SP-2,1.6815392020160638e-05
958,nHBAcc3,1.652095926495843e-05
551,SHBint8,1.643890172302486e-05
1523,RDF60s,1.6116121438366835e-05
429,nHBint5,1.6105400023903998e-05
465,ndsCH,1.5190860139987061e-05
1185,SRW5,1.5070264964796033e-05
451,nHAvin,1.4726876220800871e-05
1433,RDF60e,1.4694055270243694e-05
1091,nT10Ring,1.465050080820437e-05
1507,RDF130i,1.3985771691684648e-05
1030,MDEN-23,1.3977612289423763e-05
1038,MPC2,1.3505456868172082e-05
783,maxHBint2,1.3462000301195815e-05
1182,SRW2,1.3314784214616181e-05
1098,n5HeteroRing,1.2662202525122598e-05
553,SHBint10,1.0967422638059246e-05
1120,nT5HeteroRing,1.0623856810365309e-05
1565,Am,1.0584337095313647e-05
545,SHBint2,1.049938788476704e-05
489,ndO,9.344293076455754e-06
1421,RDF150v,8.675789463819727e-06
484,nsssN,8.627251690144877e-06
472,naaaC,8.617791185273817e-06
1079,nF9Ring,8.418882400660142e-06
1121,nT6HeteroRing,7.2568801032551884e-06
546,SHBint3,6.844363504732842e-06
1023,MDEO-11,6.792089392243124e-06
1064,n5Ring,5.924992254891835e-06
300,nBondsD,5.775500639320751e-06
1086,nT5Ring,5.70260835385464e-06
470,ndssC,3.351299280127925e-06
664,minHBint2,3.3240305333593393e-06
450,nHCsatu,2.771945944821799e-06
0,nAcid,0.0
1183,SRW3,0.0
592,SssssC,0.0
594,SsNH2,0.0
595,SssNH2p,0.0
596,SdNH,0.0
598,SaaNH,0.0
599,StN,0.0
600,SsssNHp,0.0
601,SdsN,0.0
604,SddsN,0.0
605,SaasN,0.0
606,SssssNp,0.0
610,SaaO,0.0
611,SaOm,0.0
612,SsOm,0.0
613,SsF,0.0
614,SsSiH3,0.0
615,SssSiH2,0.0
616,SsssSiH,0.0
617,SssssSi,0.0
618,SsPH2,0.0
619,SssPH,0.0
620,SsssP,0.0
621,SdsssP,0.0
622,SddsP,0.0
593,SsNH3p,0.0
588,StsC,0.0
624,SsSH,0.0
587,SddC,0.0
540,nssssPb,0.0
542,SwHBd,0.0
555,SHdNH,0.0
556,SHsSH,0.0
557,SHsNH2,0.0
559,SHaaNH,0.0
560,SHsNH3p,0.0
561,SHssNH2p,0.0
562,SHsssNHp,0.0
563,SHtCH,0.0
564,SHdCH2,0.0
567,SHCHnX,0.0
572,SHmisc,0.0
573,SsLi,0.0
574,SssBe,0.0
575,SssssBem,0.0
576,SsBH2,0.0
577,SssBH,0.0
578,SsssB,0.0
579,SssssBm,0.0
581,SdCH2,0.0
583,StCH,0.0
586,SsssCH,0.0
623,SsssssP,0.0
625,SdS,0.0
538,nssPbH2,0.0
652,SssSnH2,0.0
654,SssssSn,0.0
655,SsI,0.0
656,SsPbH3,0.0
657,SssPbH2,0.0
658,SsssPbH,0.0
659,SssssPb,0.0
661,minwHBd,0.0
674,minHdNH,0.0
675,minHsSH,0.0
676,minHsNH2,0.0
678,minHaaNH,0.0
679,minHsNH3p,0.0
680,minHssNH2p,0.0
681,minHsssNHp,0.0
682,minHtCH,0.0
683,minHdCH2,0.0
686,minHCHnX,0.0
691,minHmisc,0.0
692,minsLi,0.0
693,minssBe,0.0
694,minssssBem,0.0
695,minsBH2,0.0
696,minssBH,0.0
653,SsssSnH,0.0
651,SsSnH3,0.0
626,SssS,0.0
650,SsBr,0.0
627,SaaS,0.0
628,SdssS,0.0
629,SddssS,0.0
630,SssssssS,0.0
631,SSm,0.0
632,SsCl,0.0
633,SsGeH3,0.0
634,SssGeH2,0.0
635,SsssGeH,0.0
636,SssssGe,0.0
637,SsAsH2,0.0
638,SssAsH,0.0
639,SsssAs,0.0
640,SdsssAs,0.0
641,SddsAs,0.0
642,SsssssAs,0.0
643,SsSeH,0.0
644,SdSe,0.0
645,SssSe,0.0
646,SaaSe,0.0
647,SdssSe,0.0
648,SssssssSe,0.0
649,SddssSe,0.0
539,nsssPbH,0.0
537,nsPbH3,0.0
1128,nTG12HeteroRing,0.0
437,nHsSH,0.0
440,nHaaNH,0.0
441,nHsNH3p,0.0
442,nHssNH2p,0.0
443,nHsssNHp,0.0
444,nHtCH,0.0
445,nHdCH2,0.0
448,nHCHnX,0.0
453,nHmisc,0.0
454,nsLi,0.0
455,nssBe,0.0
456,nssssBem,0.0
457,nsBH2,0.0
458,nssBH,0.0
459,nsssB,0.0
460,nssssBm,0.0
462,ndCH2,0.0
464,ntCH,0.0
467,nsssCH,0.0
468,nddC,0.0
469,ntsC,0.0
473,nssssC,0.0
474,nsNH3p,0.0
475,nsNH2,0.0
438,nHsNH2,0.0
436,nHdNH,0.0
477,ndNH,0.0
423,nwHBd,0.0
6,nB,0.0
9,nS,0.0
10,nP,0.0
11,nF,0.0
12,nCl,0.0
13,nBr,0.0
14,nI,0.0
15,nX,0.0
292,nBase,0.0
301,nBondsT,0.0
302,nBondsQ,0.0
331,C1SP1,0.0
332,C2SP1,0.0
338,C3SP3,0.0
339,C4SP3,0.0
340,SCH-3,0.0
341,SCH-4,0.0
345,VCH-3,0.0
346,VCH-4,0.0
351,SC-4,0.0
353,SC-6,0.0
355,VC-4,0.0
357,VC-6,0.0
476,nssNH2p,0.0
479,naaNH,0.0
536,nsI,0.0
511,nssssssS,0.0
513,nsCl,0.0
514,nsGeH3,0.0
515,nssGeH2,0.0
516,nsssGeH,0.0
517,nssssGe,0.0
518,nsAsH2,0.0
519,nssAsH,0.0
520,nsssAs,0.0
521,ndsssAs,0.0
522,nddsAs,0.0
523,nsssssAs,0.0
524,nsSeH,0.0
525,ndSe,0.0
526,nssSe,0.0
527,naaSe,0.0
528,ndssSe,0.0
529,nssssssSe,0.0
530,nddssSe,0.0
531,nsBr,0.0
532,nsSnH3,0.0
533,nssSnH2,0.0
534,nsssSnH,0.0
535,nssssSn,0.0
512,nSm,0.0
510,nddssS,0.0
480,ntN,0.0
509,ndssS,0.0
481,nsssNHp,0.0
482,ndsN,0.0
485,nddsN,0.0
486,naasN,0.0
487,nssssNp,0.0
491,naaO,0.0
492,naOm,0.0
493,nsOm,0.0
494,nsF,0.0
495,nsSiH3,0.0
496,nssSiH2,0.0
497,nsssSiH,0.0
498,nssssSi,0.0
499,nsPH2,0.0
500,nssPH,0.0
501,nsssP,0.0
502,ndsssP,0.0
503,nddsP,0.0
504,nsssssP,0.0
505,nsSH,0.0
506,ndS,0.0
507,nssS,0.0
508,naaS,0.0
697,minsssB,0.0
698,minssssBm,0.0
700,mindCH2,0.0
879,maxddsAs,0.0
881,maxsSeH,0.0
882,maxdSe,0.0
883,maxssSe,0.0
884,maxaaSe,0.0
885,maxdssSe,0.0
886,maxssssssSe,0.0
887,maxddssSe,0.0
888,maxsBr,0.0
889,maxsSnH3,0.0
890,maxssSnH2,0.0
891,maxsssSnH,0.0
892,maxssssSn,0.0
893,maxsI,0.0
894,maxsPbH3,0.0
895,maxssPbH2,0.0
896,maxsssPbH,0.0
897,maxssssPb,0.0
913,ETA_dAlpha_A,0.0
926,ETA_dPsi_B,0.0
929,ETA_Shape_X,0.0
1016,MDEC-14,0.0
1019,MDEC-24,0.0
1021,MDEC-34,0.0
880,maxsssssAs,0.0
878,maxdsssAs,0.0
1026,MDEN-11,0.0
877,maxsssAs,0.0
854,maxsssSiH,0.0
855,maxssssSi,0.0
856,maxsPH2,0.0
857,maxssPH,0.0
858,maxsssP,0.0
859,maxdsssP,0.0
860,maxddsP,0.0
861,maxsssssP,0.0
862,maxsSH,0.0
863,maxdS,0.0
864,maxssS,0.0
865,maxaaS,0.0
866,maxdssS,0.0
867,maxddssS,0.0
868,maxssssssS,0.0
869,maxSm,0.0
870,maxsCl,0.0
871,maxsGeH3,0.0
872,maxssGeH2,0.0
873,maxsssGeH,0.0
874,maxssssGe,0.0
875,maxsAsH2,0.0
876,maxssAsH,0.0
1022,MDEC-44,0.0
1027,MDEN-12,0.0
702,mintCH,0.0
1097,n4HeteroRing,0.0
1101,n8HeteroRing,0.0
1102,n9HeteroRing,0.0
1103,n10HeteroRing,0.0
1104,n11HeteroRing,0.0
1105,n12HeteroRing,0.0
1106,nG12HeteroRing,0.0
1107,nFHeteroRing,0.0
1108,nF4HeteroRing,0.0
1109,nF5HeteroRing,0.0
1110,nF6HeteroRing,0.0
1111,nF7HeteroRing,0.0
1112,nF8HeteroRing,0.0
1113,nF9HeteroRing,0.0
1115,nF11HeteroRing,0.0
1116,nF12HeteroRing,0.0
1117,nFG12HeteroRing,0.0
1118,nTHeteroRing,0.0
1119,nT4HeteroRing,0.0
1122,nT7HeteroRing,0.0
1123,nT8HeteroRing,0.0
1124,nT9HeteroRing,0.0
1126,nT11HeteroRing,0.0
1127,nT12HeteroRing,0.0
1100,n7HeteroRing,0.0
1096,n3HeteroRing,0.0
1028,MDEN-13,0.0
1094,nTG12Ring,0.0
1031,MDEN-33,0.0
1062,n3Ring,0.0
1063,n4Ring,0.0
1066,n7Ring,0.0
1067,n8Ring,0.0
1068,n9Ring,0.0
1069,n10Ring,0.0
1070,n11Ring,0.0
1071,n12Ring,0.0
1072,nG12Ring,0.0
1074,nF4Ring,0.0
1075,nF5Ring,0.0
1076,nF6Ring,0.0
1077,nF7Ring,0.0
1078,nF8Ring,0.0
1081,nF11Ring,0.0
1082,nF12Ring,0.0
1083,nFG12Ring,0.0
1085,nT4Ring,0.0
1088,nT7Ring,0.0
1089,nT8Ring,0.0
1092,nT11Ring,0.0
1093,nT12Ring,0.0
853,maxssSiH2,0.0
852,maxsSiH3,0.0
851,maxsF,0.0
739,minsssP,0.0
741,minddsP,0.0
742,minsssssP,0.0
743,minsSH,0.0
744,mindS,0.0
745,minssS,0.0
746,minaaS,0.0
747,mindssS,0.0
748,minddssS,0.0
749,minssssssS,0.0
750,minSm,0.0
751,minsCl,0.0
752,minsGeH3,0.0
753,minssGeH2,0.0
754,minsssGeH,0.0
755,minssssGe,0.0
756,minsAsH2,0.0
757,minssAsH,0.0
758,minsssAs,0.0
759,mindsssAs,0.0
760,minddsAs,0.0
761,minsssssAs,0.0
762,minsSeH,0.0
763,mindSe,0.0
740,mindsssP,0.0
738,minssPH,0.0
850,maxsOm,0.0
737,minsPH2,0.0
705,minsssCH,0.0
706,minddC,0.0
707,mintsC,0.0
711,minssssC,0.0
712,minsNH3p,0.0
713,minsNH2,0.0
714,minssNH2p,0.0
715,mindNH,0.0
717,minaaNH,0.0
718,mintN,0.0
719,minsssNHp,0.0
720,mindsN,0.0
723,minddsN,0.0
724,minaasN,0.0
725,minssssNp,0.0
729,minaaO,0.0
730,minaOm,0.0
731,minsOm,0.0
732,minsF,0.0
733,minsSiH3,0.0
734,minssSiH2,0.0
735,minsssSiH,0.0
736,minssssSi,0.0
764,minssSe,0.0
765,minaaSe,0.0
766,mindssSe,0.0
767,minssssssSe,0.0
814,maxsBH2,0.0
815,maxssBH,0.0
816,maxsssB,0.0
819,maxdCH2,0.0
821,maxtCH,0.0
824,maxsssCH,0.0
825,maxddC,0.0
826,maxtsC,0.0
827,maxdssC,0.0
830,maxssssC,0.0
831,maxsNH3p,0.0
832,maxsNH2,0.0
833,maxssNH2p,0.0
834,maxdNH,0.0
836,maxaaNH,0.0
837,maxtN,0.0
838,maxsssNHp,0.0
839,maxdsN,0.0
842,maxddsN,0.0
843,maxaasN,0.0
844,maxssssNp,0.0
848,maxaaO,0.0
849,maxaOm,0.0
813,maxssssBem,0.0
812,maxssBe,0.0
811,maxsLi,0.0
778,minssssPb,0.0
768,minddssSe,0.0
769,minsBr,0.0
770,minsSnH3,0.0
771,minssSnH2,0.0
772,minsssSnH,0.0
773,minssssSn,0.0
774,minsI,0.0
775,minsPbH3,0.0
776,minssPbH2,0.0
777,minsssPbH,0.0
780,maxwHBd,0.0
810,maxHmisc,0.0
793,maxHdNH,0.0
794,maxHsSH,0.0
795,maxHsNH2,0.0
797,maxHaaNH,0.0
798,maxHsNH3p,0.0
799,maxHssNH2p,0.0
800,maxHsssNHp,0.0
801,maxHtCH,0.0
802,maxHdCH2,0.0
805,maxHCHnX,0.0
817,maxssssBm,0.0
